{"x_vel": 27.49511234722239, "y_vel": 452.81430966108684, "z_vel": 17.887428927142892, "Cumulative Timesteps": 2550350, "_timestamp": 1724193019.6808836, "_runtime": 539.7420547008514, "_step": 101, "PPO Batch Consumption Time": 0.5474093755086263, "Cumulative Model Updates": 148, "Policy Entropy": 0.6916247208913168, "Mean KL Divergence": 0.0032075674583514533, "Value Function Loss": 0.08094053467114766, "SB3 Clip Fraction": 0.028326666603485744, "Policy Update Magnitude": 0.0852704867720604, "Value Function Update Magnitude": 0.06918538361787796, "Total Iteration Time": 10.742985399999952, "Timesteps Collected": 50006, "Timestep Collection Time": 7.610874599999988, "Timestep Consumption Time": 3.132110799999964, "Collected Steps per Second": 6570.335556441842, "Overall Steps per Second": 4654.758257420719, "Policy Reward": -0.004592269974492666}