{"Collected Steps per Second": 8021.686258113261, "Cumulative Model Updates": 193, "Cumulative Timesteps": 3350694, "Mean KL Divergence": 0.0013055347371846437, "Overall Steps per Second": 5482.912937770984, "PPO Batch Consumption Time": 0.5397205352783203, "Policy Entropy": 0.7619866530100504, "Policy Reward": -0.13821165813058472, "Policy Update Magnitude": 0.06492794305086136, "SB3 Clip Fraction": 0.0021600000521478555, "Timestep Collection Time": 6.237092600000011, "Timestep Consumption Time": 2.8879838999999947, "Timesteps Collected": 50032, "Total Iteration Time": 9.125076500000006, "Value Function Loss": 0.010175219116111597, "Value Function Update Magnitude": 0.056152936071157455, "_runtime": 759.7073352336884, "_step": 149, "_timestamp": 1724193448.8476312, "x_vel": 4.062148662990927, "y_vel": 476.65758191519444, "z_vel": 16.54201770232985}