{"Collected Steps per Second": 8770.508567129118, "Cumulative Model Updates": 169, "Cumulative Timesteps": 2950516, "Mean KL Divergence": 0.001680330140516162, "Overall Steps per Second": 5777.838372628649, "PPO Batch Consumption Time": 0.5488835175832113, "Policy Entropy": 0.6429084340731303, "Policy Reward": 0.2328331902811306, "Policy Update Magnitude": 0.03789464011788368, "SB3 Clip Fraction": 0.004793333277727167, "Timestep Collection Time": 5.704116200000001, "Timestep Consumption Time": 2.9544853000000018, "Timesteps Collected": 50028, "Total Iteration Time": 8.658601500000003, "Value Function Loss": 0.004944464812676112, "Value Function Update Magnitude": 0.036983590573072433, "_runtime": 811.3101975917816, "_step": 161, "_timestamp": 1724193672.1611216, "x_vel": 71.02560619330713, "y_vel": 523.2927477207926, "z_vel": 11.686831933986019}