{"Collected Steps per Second": 8011.624111461236, "Cumulative Model Updates": 171, "Cumulative Timesteps": 3000502, "Mean KL Divergence": 0.0031298401687915125, "Overall Steps per Second": 5494.524991591063, "PPO Batch Consumption Time": 0.5110483964284261, "Policy Entropy": 0.7304377357165018, "Policy Reward": 0.24704908268041748, "Policy Update Magnitude": 0.04909052327275276, "SB3 Clip Fraction": 0.021153333596885204, "Timestep Collection Time": 6.242679300000006, "Timestep Consumption Time": 2.859836399999992, "Timesteps Collected": 50014, "Total Iteration Time": 9.102515699999998, "Value Function Loss": 0.013711233002444109, "Value Function Update Magnitude": 0.03330191597342491, "_runtime": 633.1433207988739, "_step": 121, "_timestamp": 1724193247.0822847, "x_vel": 48.95042531441078, "y_vel": 432.6490371304741, "z_vel": 28.367191820672044}